method,region,metric_group,quantity,metric,value
pressure_only_physics,near-cylinder,field,u,rel_L2,0.04342290014028549
pressure_only_physics,near-cylinder,field,v,rel_L2,0.14143913984298706
pressure_only_physics,near-cylinder,field,p,rel_L2,0.01867641694843769
pressure_only_physics,near-wake,field,u,rel_L2,0.2727372944355011
pressure_only_physics,near-wake,field,v,rel_L2,1.0366290807724
pressure_only_physics,near-wake,field,p,rel_L2,0.6163440942764282
pressure_only_physics,far-wake,field,u,rel_L2,0.5002196431159973
pressure_only_physics,far-wake,field,v,rel_L2,1.0139986276626587
pressure_only_physics,far-wake,field,p,rel_L2,2.3332183361053467
pressure_only_physics,far-core,field,u,rel_L2,0.5826302766799927
pressure_only_physics,far-core,field,v,rel_L2,1.0038522481918335
pressure_only_physics,far-core,field,p,rel_L2,1.9013025760650635
pressure_only_physics,other,field,u,rel_L2,0.06775574386119843
pressure_only_physics,other,field,v,rel_L2,0.12204265594482422
pressure_only_physics,other,field,p,rel_L2,0.19711746275424957
pressure_only_physics,whole-domain,field,u,rel_L2,0.35252973437309265
pressure_only_physics,whole-domain,field,v,rel_L2,0.8035315275192261
pressure_only_physics,whole-domain,field,p,rel_L2,0.5622267723083496
pressure_only_physics,near-cylinder,v1_mode,v,n,13715
pressure_only_physics,near-cylinder,v1_mode,v,rel_L2,0.9109855202529975
pressure_only_physics,near-cylinder,v1_mode,v,amp_ratio,0.2329956420896799
pressure_only_physics,near-cylinder,v1_mode,v,corr,0.5901849294755548
pressure_only_physics,near-cylinder,v1_mode,v,phase_deg,-35.322581399189
pressure_only_physics,near-wake,v1_mode,v,n,15248
pressure_only_physics,near-wake,v1_mode,v,rel_L2,1.002758461783868
pressure_only_physics,near-wake,v1_mode,v,amp_ratio,0.05354769742155542
pressure_only_physics,near-wake,v1_mode,v,corr,0.08222242151454576
pressure_only_physics,near-wake,v1_mode,v,phase_deg,107.56324823465752
pressure_only_physics,far-wake,v1_mode,v,n,16393
pressure_only_physics,far-wake,v1_mode,v,rel_L2,0.9975692708101322
pressure_only_physics,far-wake,v1_mode,v,amp_ratio,0.021598274531735875
pressure_only_physics,far-wake,v1_mode,v,corr,0.1416338488100317
pressure_only_physics,far-wake,v1_mode,v,phase_deg,29.554766401013815
pressure_only_physics,far-core,v1_mode,v,n,12460
pressure_only_physics,far-core,v1_mode,v,rel_L2,0.997442441082733
pressure_only_physics,far-core,v1_mode,v,amp_ratio,0.018948152768257277
pressure_only_physics,far-core,v1_mode,v,corr,0.16035718037970534
pressure_only_physics,far-core,v1_mode,v,phase_deg,25.877405514357914
pressure_only_physics,other,v1_mode,v,n,6298
pressure_only_physics,other,v1_mode,v,rel_L2,1.0429656925989803
pressure_only_physics,other,v1_mode,v,amp_ratio,1.214686575140202
pressure_only_physics,other,v1_mode,v,corr,0.7087490409532666
pressure_only_physics,other,v1_mode,v,phase_deg,36.298543210193266
pressure_only_physics,whole-domain,v1_mode,v,n,51654
pressure_only_physics,whole-domain,v1_mode,v,rel_L2,0.9982590529322467
pressure_only_physics,whole-domain,v1_mode,v,amp_ratio,0.047024170317109565
pressure_only_physics,whole-domain,v1_mode,v,corr,0.06884213593908428
pressure_only_physics,whole-domain,v1_mode,v,phase_deg,28.49546678561774
pressure_and_velocity_probes_physics,near-cylinder,field,u,rel_L2,0.024427928030490875
pressure_and_velocity_probes_physics,near-cylinder,field,v,rel_L2,0.04838676378130913
pressure_and_velocity_probes_physics,near-cylinder,field,p,rel_L2,0.008180337958037853
pressure_and_velocity_probes_physics,near-wake,field,u,rel_L2,0.015128523111343384
pressure_and_velocity_probes_physics,near-wake,field,v,rel_L2,0.04807698726654053
pressure_and_velocity_probes_physics,near-wake,field,p,rel_L2,0.04742806777358055
pressure_and_velocity_probes_physics,far-wake,field,u,rel_L2,0.07054434716701508
pressure_and_velocity_probes_physics,far-wake,field,v,rel_L2,0.3154568672180176
pressure_and_velocity_probes_physics,far-wake,field,p,rel_L2,0.6365317106246948
pressure_and_velocity_probes_physics,far-core,field,u,rel_L2,0.08218705654144287
pressure_and_velocity_probes_physics,far-core,field,v,rel_L2,0.27826836705207825
pressure_and_velocity_probes_physics,far-core,field,p,rel_L2,0.5939379930496216
pressure_and_velocity_probes_physics,other,field,u,rel_L2,0.02887069620192051
pressure_and_velocity_probes_physics,other,field,v,rel_L2,0.051015645265579224
pressure_and_velocity_probes_physics,other,field,p,rel_L2,0.08834198117256165
pressure_and_velocity_probes_physics,whole-domain,field,u,rel_L2,0.046610429883003235
pressure_and_velocity_probes_physics,whole-domain,field,v,rel_L2,0.20233725011348724
pressure_and_velocity_probes_physics,whole-domain,field,p,rel_L2,0.12847787141799927
pressure_and_velocity_probes_physics,near-cylinder,v1_mode,v,n,13715
pressure_and_velocity_probes_physics,near-cylinder,v1_mode,v,rel_L2,0.3602476635856242
pressure_and_velocity_probes_physics,near-cylinder,v1_mode,v,amp_ratio,0.7730029363463147
pressure_and_velocity_probes_physics,near-cylinder,v1_mode,v,corr,0.9713002020209421
pressure_and_velocity_probes_physics,near-cylinder,v1_mode,v,phase_deg,12.194140347289393
pressure_and_velocity_probes_physics,near-wake,v1_mode,v,n,15248
pressure_and_velocity_probes_physics,near-wake,v1_mode,v,rel_L2,0.29503354259749903
pressure_and_velocity_probes_physics,near-wake,v1_mode,v,amp_ratio,0.9919353794493909
pressure_and_velocity_probes_physics,near-wake,v1_mode,v,corr,0.9997225782649043
pressure_and_velocity_probes_physics,near-wake,v1_mode,v,phase_deg,16.977033288212343
pressure_and_velocity_probes_physics,far-wake,v1_mode,v,n,16393
pressure_and_velocity_probes_physics,far-wake,v1_mode,v,rel_L2,0.37322743873334563
pressure_and_velocity_probes_physics,far-wake,v1_mode,v,amp_ratio,0.8669217544071306
pressure_and_velocity_probes_physics,far-wake,v1_mode,v,corr,0.990692201454449
pressure_and_velocity_probes_physics,far-wake,v1_mode,v,phase_deg,20.18064958038238
pressure_and_velocity_probes_physics,far-core,v1_mode,v,n,12460
pressure_and_velocity_probes_physics,far-core,v1_mode,v,rel_L2,0.37345487856484066
pressure_and_velocity_probes_physics,far-core,v1_mode,v,amp_ratio,0.8657818200293128
pressure_and_velocity_probes_physics,far-core,v1_mode,v,corr,0.991925396098608
pressure_and_velocity_probes_physics,far-core,v1_mode,v,phase_deg,20.375966972867918
pressure_and_velocity_probes_physics,other,v1_mode,v,n,6298
pressure_and_velocity_probes_physics,other,v1_mode,v,rel_L2,0.8677567507567795
pressure_and_velocity_probes_physics,other,v1_mode,v,amp_ratio,1.2299839417400915
pressure_and_velocity_probes_physics,other,v1_mode,v,corr,0.8686440265311218
pressure_and_velocity_probes_physics,other,v1_mode,v,phase_deg,34.55507058730413
pressure_and_velocity_probes_physics,whole-domain,v1_mode,v,n,51654
pressure_and_velocity_probes_physics,whole-domain,v1_mode,v,rel_L2,0.35058666901840874
pressure_and_velocity_probes_physics,whole-domain,v1_mode,v,amp_ratio,0.9072114335804581
pressure_and_velocity_probes_physics,whole-domain,v1_mode,v,corr,0.9909792038636737
pressure_and_velocity_probes_physics,whole-domain,v1_mode,v,phase_deg,18.997370886695442
dense_observations,near-cylinder,field,u,rel_L2,0.005857582204043865
dense_observations,near-cylinder,field,v,rel_L2,0.011175346560776234
dense_observations,near-cylinder,field,p,rel_L2,0.006173023488372564
dense_observations,near-wake,field,u,rel_L2,0.006636717356741428
dense_observations,near-wake,field,v,rel_L2,0.023743093013763428
dense_observations,near-wake,field,p,rel_L2,0.006936534307897091
dense_observations,far-wake,field,u,rel_L2,0.009232824668288231
dense_observations,far-wake,field,v,rel_L2,0.050979506224393845
dense_observations,far-wake,field,p,rel_L2,0.03862603381276131
dense_observations,far-core,field,u,rel_L2,0.01101873442530632
dense_observations,far-core,field,v,rel_L2,0.051149044185876846
dense_observations,far-core,field,p,rel_L2,0.03806442767381668
dense_observations,other,field,u,rel_L2,0.01554125640541315
dense_observations,other,field,v,rel_L2,0.029023269191384315
dense_observations,other,field,p,rel_L2,0.0482742115855217
dense_observations,whole-domain,field,u,rel_L2,0.00953542347997427
dense_observations,whole-domain,field,v,rel_L2,0.035622913390398026
dense_observations,whole-domain,field,p,rel_L2,0.014309391379356384
dense_observations,near-cylinder,v1_mode,v,n,13715
dense_observations,near-cylinder,v1_mode,v,rel_L2,0.2900525660366421
dense_observations,near-cylinder,v1_mode,v,amp_ratio,0.9827298626073141
dense_observations,near-cylinder,v1_mode,v,corr,0.9979052572744116
dense_observations,near-cylinder,v1_mode,v,phase_deg,16.391292836749084
dense_observations,near-wake,v1_mode,v,n,15248
dense_observations,near-wake,v1_mode,v,rel_L2,0.290385681521927
dense_observations,near-wake,v1_mode,v,amp_ratio,0.9997801193904153
dense_observations,near-wake,v1_mode,v,corr,0.9999758327901721
dense_observations,near-wake,v1_mode,v,phase_deg,16.694120425607792
dense_observations,far-wake,v1_mode,v,n,16393
dense_observations,far-wake,v1_mode,v,rel_L2,0.29161650961543406
dense_observations,far-wake,v1_mode,v,amp_ratio,0.998758364713344
dense_observations,far-wake,v1_mode,v,corr,0.9999884019585399
dense_observations,far-wake,v1_mode,v,phase_deg,16.77630989304969
dense_observations,far-core,v1_mode,v,n,12460
dense_observations,far-core,v1_mode,v,rel_L2,0.2916322559594349
dense_observations,far-core,v1_mode,v,amp_ratio,0.9988140121437291
dense_observations,far-core,v1_mode,v,corr,0.9999895064533587
dense_observations,far-core,v1_mode,v,phase_deg,16.77697502641174
dense_observations,other,v1_mode,v,n,6298
dense_observations,other,v1_mode,v,rel_L2,0.36630485025394927
dense_observations,other,v1_mode,v,amp_ratio,0.9987205588786898
dense_observations,other,v1_mode,v,corr,0.9806191254196367
dense_observations,other,v1_mode,v,phase_deg,17.961948689003684
dense_observations,whole-domain,v1_mode,v,n,51654
dense_observations,whole-domain,v1_mode,v,rel_L2,0.2912330267005005
dense_observations,whole-domain,v1_mode,v,amp_ratio,0.998895985051201
dense_observations,whole-domain,v1_mode,v,corr,0.9999537878169675
dense_observations,whole-domain,v1_mode,v,phase_deg,16.746362918446433
