analysis_id,method_id,method,region,metric,legacy_window_value,corrected_absolute_value,absolute_change,correction_reason,verification
A01,dense_observations,Dense observations + physics,far-core,rel_L2,0.29163225595942155,0.005388283182847069,-0.2862439727765745,CFD coefficient rotated to the absolute-time convention used by the direct ModalPINN mode,recomputed from saved checkpoint; amplitude ratio and correlation unchanged
A01,dense_observations,Dense observations + physics,far-core,phase_deg,16.77697502641081,0.1480052477274558,-16.628969778683356,CFD coefficient rotated to the absolute-time convention used by the direct ModalPINN mode,recomputed from saved checkpoint; amplitude ratio and correlation unchanged
A01,dense_observations,Dense observations + physics,far-wake,rel_L2,0.29161650961542257,0.005595857552085995,-0.2860206520633366,CFD coefficient rotated to the absolute-time convention used by the direct ModalPINN mode,recomputed from saved checkpoint; amplitude ratio and correlation unchanged
A01,dense_observations,Dense observations + physics,far-wake,phase_deg,16.77630989304879,0.14734011436540054,-16.628969778683388,CFD coefficient rotated to the absolute-time convention used by the direct ModalPINN mode,recomputed from saved checkpoint; amplitude ratio and correlation unchanged
A01,dense_observations,Dense observations + physics,near-cylinder,rel_L2,0.2900525660366357,0.06657526127797751,-0.22347730475865818,CFD coefficient rotated to the absolute-time convention used by the direct ModalPINN mode,recomputed from saved checkpoint; amplitude ratio and correlation unchanged
A01,dense_observations,Dense observations + physics,near-cylinder,phase_deg,16.391292836748164,-0.23767694193520655,-16.62896977868337,CFD coefficient rotated to the absolute-time convention used by the direct ModalPINN mode,recomputed from saved checkpoint; amplitude ratio and correlation unchanged
A01,dense_observations,Dense observations + physics,near-wake,rel_L2,0.29038568152191685,0.0070473260759782155,-0.28333835544593866,CFD coefficient rotated to the absolute-time convention used by the direct ModalPINN mode,recomputed from saved checkpoint; amplitude ratio and correlation unchanged
A01,dense_observations,Dense observations + physics,near-wake,phase_deg,16.694120425606854,0.06515064692350976,-16.628969778683345,CFD coefficient rotated to the absolute-time convention used by the direct ModalPINN mode,recomputed from saved checkpoint; amplitude ratio and correlation unchanged
A01,dense_observations,Dense observations + physics,other,rel_L2,0.36630485025393733,0.198100615848264,-0.16820423440567334,CFD coefficient rotated to the absolute-time convention used by the direct ModalPINN mode,recomputed from saved checkpoint; amplitude ratio and correlation unchanged
A01,dense_observations,Dense observations + physics,other,phase_deg,17.96194868900278,1.3329789103194063,-16.628969778683377,CFD coefficient rotated to the absolute-time convention used by the direct ModalPINN mode,recomputed from saved checkpoint; amplitude ratio and correlation unchanged
A01,dense_observations,Dense observations + physics,whole-domain,rel_L2,0.2912330267004978,0.009886067237738888,-0.2813469594627589,CFD coefficient rotated to the absolute-time convention used by the direct ModalPINN mode,recomputed from saved checkpoint; amplitude ratio and correlation unchanged
A01,dense_observations,Dense observations + physics,whole-domain,phase_deg,16.746362918445527,0.11739313976216759,-16.62896977868336,CFD coefficient rotated to the absolute-time convention used by the direct ModalPINN mode,recomputed from saved checkpoint; amplitude ratio and correlation unchanged
A01,pressure_and_velocity_probes_physics,Pressure + velocity probes + physics,far-core,rel_L2,0.373454878564829,0.18885920721439126,-0.18459567135043775,CFD coefficient rotated to the absolute-time convention used by the direct ModalPINN mode,recomputed from saved checkpoint; amplitude ratio and correlation unchanged
A01,pressure_and_velocity_probes_physics,Pressure + velocity probes + physics,far-core,phase_deg,20.37596697286699,3.7469971941836433,-16.62896977868335,CFD coefficient rotated to the absolute-time convention used by the direct ModalPINN mode,recomputed from saved checkpoint; amplitude ratio and correlation unchanged
A01,pressure_and_velocity_probes_physics,Pressure + velocity probes + physics,far-wake,rel_L2,0.3732274387333356,0.19273617839196852,-0.18049126034136706,CFD coefficient rotated to the absolute-time convention used by the direct ModalPINN mode,recomputed from saved checkpoint; amplitude ratio and correlation unchanged
A01,pressure_and_velocity_probes_physics,Pressure + velocity probes + physics,far-wake,phase_deg,20.18064958038144,3.551679801698088,-16.628969778683352,CFD coefficient rotated to the absolute-time convention used by the direct ModalPINN mode,recomputed from saved checkpoint; amplitude ratio and correlation unchanged
A01,pressure_and_velocity_probes_physics,Pressure + velocity probes + physics,near-cylinder,rel_L2,0.3602476635856163,0.31684968637121463,-0.04339797721440164,CFD coefficient rotated to the absolute-time convention used by the direct ModalPINN mode,recomputed from saved checkpoint; amplitude ratio and correlation unchanged
A01,pressure_and_velocity_probes_physics,Pressure + velocity probes + physics,near-cylinder,phase_deg,12.19414034728851,-4.434829431394878,-16.628969778683388,CFD coefficient rotated to the absolute-time convention used by the direct ModalPINN mode,recomputed from saved checkpoint; amplitude ratio and correlation unchanged
A01,pressure_and_velocity_probes_physics,Pressure + velocity probes + physics,near-wake,rel_L2,0.29503354259749254,0.025534348305694746,-0.2694991942917978,CFD coefficient rotated to the absolute-time convention used by the direct ModalPINN mode,recomputed from saved checkpoint; amplitude ratio and correlation unchanged
A01,pressure_and_velocity_probes_physics,Pressure + velocity probes + physics,near-wake,phase_deg,16.97703328821143,0.34806350952804854,-16.62896977868338,CFD coefficient rotated to the absolute-time convention used by the direct ModalPINN mode,recomputed from saved checkpoint; amplitude ratio and correlation unchanged
A01,pressure_and_velocity_probes_physics,Pressure + velocity probes + physics,other,rel_L2,0.8677567507567683,0.6926458902474399,-0.17511086050932834,CFD coefficient rotated to the absolute-time convention used by the direct ModalPINN mode,recomputed from saved checkpoint; amplitude ratio and correlation unchanged
A01,pressure_and_velocity_probes_physics,Pressure + velocity probes + physics,other,phase_deg,34.55507058730325,17.92610080861986,-16.628969778683388,CFD coefficient rotated to the absolute-time convention used by the direct ModalPINN mode,recomputed from saved checkpoint; amplitude ratio and correlation unchanged
A01,pressure_and_velocity_probes_physics,Pressure + velocity probes + physics,whole-domain,rel_L2,0.35058666901840607,0.16282875871939662,-0.18775791029900946,CFD coefficient rotated to the absolute-time convention used by the direct ModalPINN mode,recomputed from saved checkpoint; amplitude ratio and correlation unchanged
A01,pressure_and_velocity_probes_physics,Pressure + velocity probes + physics,whole-domain,phase_deg,18.99737088669457,2.368401108011185,-16.628969778683384,CFD coefficient rotated to the absolute-time convention used by the direct ModalPINN mode,recomputed from saved checkpoint; amplitude ratio and correlation unchanged
A01,pressure_only_physics,Pressure only + physics,far-core,rel_L2,0.9974424410827328,0.9971765558242203,-0.00026588525851256595,CFD coefficient rotated to the absolute-time convention used by the direct ModalPINN mode,recomputed from saved checkpoint; amplitude ratio and correlation unchanged
A01,pressure_only_physics,Pressure only + physics,far-core,phase_deg,25.877405514357235,9.24843573567387,-16.628969778683366,CFD coefficient rotated to the absolute-time convention used by the direct ModalPINN mode,recomputed from saved checkpoint; amplitude ratio and correlation unchanged
A01,pressure_only_physics,Pressure only + physics,far-wake,rel_L2,0.9975692708101321,0.9972479234891308,-0.00032134732100130847,CFD coefficient rotated to the absolute-time convention used by the direct ModalPINN mode,recomputed from saved checkpoint; amplitude ratio and correlation unchanged
A01,pressure_only_physics,Pressure only + physics,far-wake,phase_deg,29.554766401013126,12.92579662232975,-16.628969778683377,CFD coefficient rotated to the absolute-time convention used by the direct ModalPINN mode,recomputed from saved checkpoint; amplitude ratio and correlation unchanged
A01,pressure_only_physics,Pressure only + physics,near-cylinder,rel_L2,0.9109855202529992,0.9406295331124092,0.029644012859409985,CFD coefficient rotated to the absolute-time convention used by the direct ModalPINN mode,recomputed from saved checkpoint; amplitude ratio and correlation unchanged
A01,pressure_only_physics,Pressure only + physics,near-cylinder,phase_deg,-35.322581399189914,-51.951551177873284,-16.62896977868337,CFD coefficient rotated to the absolute-time convention used by the direct ModalPINN mode,recomputed from saved checkpoint; amplitude ratio and correlation unchanged
A01,pressure_only_physics,Pressure only + physics,near-wake,rel_L2,1.0027584617838683,1.001504336694003,-0.0012541250898652212,CFD coefficient rotated to the absolute-time convention used by the direct ModalPINN mode,recomputed from saved checkpoint; amplitude ratio and correlation unchanged
A01,pressure_only_physics,Pressure only + physics,near-wake,phase_deg,107.56324823465667,90.93427845597331,-16.628969778683356,CFD coefficient rotated to the absolute-time convention used by the direct ModalPINN mode,recomputed from saved checkpoint; amplitude ratio and correlation unchanged
A01,pressure_only_physics,Pressure only + physics,other,rel_L2,1.0429656925989714,0.9241842531271137,-0.11878143947185771,CFD coefficient rotated to the absolute-time convention used by the direct ModalPINN mode,recomputed from saved checkpoint; amplitude ratio and correlation unchanged
A01,pressure_only_physics,Pressure only + physics,other,phase_deg,36.29854321019235,19.66957343150897,-16.62896977868338,CFD coefficient rotated to the absolute-time convention used by the direct ModalPINN mode,recomputed from saved checkpoint; amplitude ratio and correlation unchanged
A01,pressure_only_physics,Pressure only + physics,whole-domain,rel_L2,0.9982590529322466,0.9979354426488796,-0.00032361028336702624,CFD coefficient rotated to the absolute-time convention used by the direct ModalPINN mode,recomputed from saved checkpoint; amplitude ratio and correlation unchanged
A01,pressure_only_physics,Pressure only + physics,whole-domain,phase_deg,28.495466785616827,11.866497006933434,-16.62896977868339,CFD coefficient rotated to the absolute-time convention used by the direct ModalPINN mode,recomputed from saved checkpoint; amplitude ratio and correlation unchanged
A02,pressure_only_physics_16_taps,Pressure only + physics (16 taps),far-core,rel_L2,0.9923024092308346,0.9943267660194628,0.002024356788628223,CFD coefficient rotated to the absolute-time convention used by the direct ModalPINN mode,recomputed from saved checkpoint; amplitude ratio and correlation unchanged
A02,pressure_only_physics_16_taps,Pressure only + physics (16 taps),far-core,phase_deg,-22.557431678230728,-39.18640145691407,-16.62896977868334,CFD coefficient rotated to the absolute-time convention used by the direct ModalPINN mode,recomputed from saved checkpoint; amplitude ratio and correlation unchanged
A02,pressure_only_physics_16_taps,Pressure only + physics (16 taps),far-wake,rel_L2,0.9935347214724416,0.9952997344838748,0.0017650130114331697,CFD coefficient rotated to the absolute-time convention used by the direct ModalPINN mode,recomputed from saved checkpoint; amplitude ratio and correlation unchanged
A02,pressure_only_physics_16_taps,Pressure only + physics (16 taps),far-wake,phase_deg,-18.71545798350121,-35.34442776218461,-16.6289697786834,CFD coefficient rotated to the absolute-time convention used by the direct ModalPINN mode,recomputed from saved checkpoint; amplitude ratio and correlation unchanged
A02,pressure_only_physics_16_taps,Pressure only + physics (16 taps),near-cylinder,rel_L2,0.7088253723176767,0.7170683526210702,0.008242980303393432,CFD coefficient rotated to the absolute-time convention used by the direct ModalPINN mode,recomputed from saved checkpoint; amplitude ratio and correlation unchanged
A02,pressure_only_physics_16_taps,Pressure only + physics (16 taps),near-cylinder,phase_deg,4.6640145128468475,-11.964955265836505,-16.628969778683352,CFD coefficient rotated to the absolute-time convention used by the direct ModalPINN mode,recomputed from saved checkpoint; amplitude ratio and correlation unchanged
A02,pressure_only_physics_16_taps,Pressure only + physics (16 taps),near-wake,rel_L2,1.059532012738164,1.047032091526815,-0.012499921211349019,CFD coefficient rotated to the absolute-time convention used by the direct ModalPINN mode,recomputed from saved checkpoint; amplitude ratio and correlation unchanged
A02,pressure_only_physics_16_taps,Pressure only + physics (16 taps),near-wake,phase_deg,140.31902767891233,123.69005790022896,-16.62896977868337,CFD coefficient rotated to the absolute-time convention used by the direct ModalPINN mode,recomputed from saved checkpoint; amplitude ratio and correlation unchanged
A02,pressure_only_physics_16_taps,Pressure only + physics (16 taps),other,rel_L2,3.489264177980178,3.559684147802702,0.07041996982252385,CFD coefficient rotated to the absolute-time convention used by the direct ModalPINN mode,recomputed from saved checkpoint; amplitude ratio and correlation unchanged
A02,pressure_only_physics_16_taps,Pressure only + physics (16 taps),other,phase_deg,-57.23543800568871,-73.86440778437205,-16.62896977868334,CFD coefficient rotated to the absolute-time convention used by the direct ModalPINN mode,recomputed from saved checkpoint; amplitude ratio and correlation unchanged
A02,pressure_only_physics_16_taps,Pressure only + physics (16 taps),whole-domain,rel_L2,1.0133620664521366,1.0105679702855446,-0.002794096166591986,CFD coefficient rotated to the absolute-time convention used by the direct ModalPINN mode,recomputed from saved checkpoint; amplitude ratio and correlation unchanged
A02,pressure_only_physics_16_taps,Pressure only + physics (16 taps),whole-domain,phase_deg,104.71736128331838,88.08839150463504,-16.62896977868334,CFD coefficient rotated to the absolute-time convention used by the direct ModalPINN mode,recomputed from saved checkpoint; amplitude ratio and correlation unchanged
A02,pressure_only_physics_32_taps,Pressure only + physics (32 taps),far-core,rel_L2,0.9974424410827328,0.9971765558242203,-0.00026588525851256595,CFD coefficient rotated to the absolute-time convention used by the direct ModalPINN mode,recomputed from saved checkpoint; amplitude ratio and correlation unchanged
A02,pressure_only_physics_32_taps,Pressure only + physics (32 taps),far-core,phase_deg,25.877405514357235,9.24843573567387,-16.628969778683366,CFD coefficient rotated to the absolute-time convention used by the direct ModalPINN mode,recomputed from saved checkpoint; amplitude ratio and correlation unchanged
A02,pressure_only_physics_32_taps,Pressure only + physics (32 taps),far-wake,rel_L2,0.9975692708101321,0.9972479234891308,-0.00032134732100130847,CFD coefficient rotated to the absolute-time convention used by the direct ModalPINN mode,recomputed from saved checkpoint; amplitude ratio and correlation unchanged
A02,pressure_only_physics_32_taps,Pressure only + physics (32 taps),far-wake,phase_deg,29.554766401013126,12.92579662232975,-16.628969778683377,CFD coefficient rotated to the absolute-time convention used by the direct ModalPINN mode,recomputed from saved checkpoint; amplitude ratio and correlation unchanged
A02,pressure_only_physics_32_taps,Pressure only + physics (32 taps),near-cylinder,rel_L2,0.9109855202529992,0.9406295331124092,0.029644012859409985,CFD coefficient rotated to the absolute-time convention used by the direct ModalPINN mode,recomputed from saved checkpoint; amplitude ratio and correlation unchanged
A02,pressure_only_physics_32_taps,Pressure only + physics (32 taps),near-cylinder,phase_deg,-35.322581399189914,-51.951551177873284,-16.62896977868337,CFD coefficient rotated to the absolute-time convention used by the direct ModalPINN mode,recomputed from saved checkpoint; amplitude ratio and correlation unchanged
A02,pressure_only_physics_32_taps,Pressure only + physics (32 taps),near-wake,rel_L2,1.0027584617838683,1.001504336694003,-0.0012541250898652212,CFD coefficient rotated to the absolute-time convention used by the direct ModalPINN mode,recomputed from saved checkpoint; amplitude ratio and correlation unchanged
A02,pressure_only_physics_32_taps,Pressure only + physics (32 taps),near-wake,phase_deg,107.56324823465667,90.93427845597331,-16.628969778683356,CFD coefficient rotated to the absolute-time convention used by the direct ModalPINN mode,recomputed from saved checkpoint; amplitude ratio and correlation unchanged
A02,pressure_only_physics_32_taps,Pressure only + physics (32 taps),other,rel_L2,1.0429656925989714,0.9241842531271137,-0.11878143947185771,CFD coefficient rotated to the absolute-time convention used by the direct ModalPINN mode,recomputed from saved checkpoint; amplitude ratio and correlation unchanged
A02,pressure_only_physics_32_taps,Pressure only + physics (32 taps),other,phase_deg,36.29854321019235,19.66957343150897,-16.62896977868338,CFD coefficient rotated to the absolute-time convention used by the direct ModalPINN mode,recomputed from saved checkpoint; amplitude ratio and correlation unchanged
A02,pressure_only_physics_32_taps,Pressure only + physics (32 taps),whole-domain,rel_L2,0.9982590529322466,0.9979354426488796,-0.00032361028336702624,CFD coefficient rotated to the absolute-time convention used by the direct ModalPINN mode,recomputed from saved checkpoint; amplitude ratio and correlation unchanged
A02,pressure_only_physics_32_taps,Pressure only + physics (32 taps),whole-domain,phase_deg,28.495466785616827,11.866497006933434,-16.62896977868339,CFD coefficient rotated to the absolute-time convention used by the direct ModalPINN mode,recomputed from saved checkpoint; amplitude ratio and correlation unchanged
A02,pressure_only_physics_8_taps,Pressure only + physics (8 taps),far-core,rel_L2,0.9922809120688582,0.9942656977931674,0.001984785724309268,CFD coefficient rotated to the absolute-time convention used by the direct ModalPINN mode,recomputed from saved checkpoint; amplitude ratio and correlation unchanged
A02,pressure_only_physics_8_taps,Pressure only + physics (8 taps),far-core,phase_deg,-26.823748808079586,-43.452718586762934,-16.62896977868335,CFD coefficient rotated to the absolute-time convention used by the direct ModalPINN mode,recomputed from saved checkpoint; amplitude ratio and correlation unchanged
A02,pressure_only_physics_8_taps,Pressure only + physics (8 taps),far-wake,rel_L2,0.9928936131368978,0.9946944747785285,0.0018008616416306245,CFD coefficient rotated to the absolute-time convention used by the direct ModalPINN mode,recomputed from saved checkpoint; amplitude ratio and correlation unchanged
A02,pressure_only_physics_8_taps,Pressure only + physics (8 taps),far-wake,phase_deg,-23.523212715933823,-40.15218249461722,-16.6289697786834,CFD coefficient rotated to the absolute-time convention used by the direct ModalPINN mode,recomputed from saved checkpoint; amplitude ratio and correlation unchanged
A02,pressure_only_physics_8_taps,Pressure only + physics (8 taps),near-cylinder,rel_L2,0.7708745586961541,0.7945251197241162,0.023650561027962147,CFD coefficient rotated to the absolute-time convention used by the direct ModalPINN mode,recomputed from saved checkpoint; amplitude ratio and correlation unchanged
A02,pressure_only_physics_8_taps,Pressure only + physics (8 taps),near-cylinder,phase_deg,-6.4313990968380494,-23.060368875521437,-16.628969778683388,CFD coefficient rotated to the absolute-time convention used by the direct ModalPINN mode,recomputed from saved checkpoint; amplitude ratio and correlation unchanged
A02,pressure_only_physics_8_taps,Pressure only + physics (8 taps),near-wake,rel_L2,1.044417374821917,1.035604507245047,-0.008812867576869943,CFD coefficient rotated to the absolute-time convention used by the direct ModalPINN mode,recomputed from saved checkpoint; amplitude ratio and correlation unchanged
A02,pressure_only_physics_8_taps,Pressure only + physics (8 taps),near-wake,phase_deg,144.08291082625072,127.45394104756735,-16.62896977868337,CFD coefficient rotated to the absolute-time convention used by the direct ModalPINN mode,recomputed from saved checkpoint; amplitude ratio and correlation unchanged
A02,pressure_only_physics_8_taps,Pressure only + physics (8 taps),other,rel_L2,2.5732646628964906,2.629865743839027,0.05660108094253635,CFD coefficient rotated to the absolute-time convention used by the direct ModalPINN mode,recomputed from saved checkpoint; amplitude ratio and correlation unchanged
A02,pressure_only_physics_8_taps,Pressure only + physics (8 taps),other,phase_deg,-45.857372857619566,-62.48634263630295,-16.628969778683384,CFD coefficient rotated to the absolute-time convention used by the direct ModalPINN mode,recomputed from saved checkpoint; amplitude ratio and correlation unchanged
A02,pressure_only_physics_8_taps,Pressure only + physics (8 taps),whole-domain,rel_L2,1.007830545282122,1.0064151531391878,-0.0014153921429340688,CFD coefficient rotated to the absolute-time convention used by the direct ModalPINN mode,recomputed from saved checkpoint; amplitude ratio and correlation unchanged
A02,pressure_only_physics_8_taps,Pressure only + physics (8 taps),whole-domain,phase_deg,105.46742715855231,88.83845737986894,-16.62896977868337,CFD coefficient rotated to the absolute-time convention used by the direct ModalPINN mode,recomputed from saved checkpoint; amplitude ratio and correlation unchanged
A03,uniform_collocation,Pressure only + physics (uniform collocation),far-core,rel_L2,0.9974424410827328,0.9971765558242203,-0.00026588525851256595,CFD coefficient rotated to the absolute-time convention used by the direct ModalPINN mode,recomputed from saved checkpoint; amplitude ratio and correlation unchanged
A03,uniform_collocation,Pressure only + physics (uniform collocation),far-core,phase_deg,25.877405514357235,9.24843573567387,-16.628969778683366,CFD coefficient rotated to the absolute-time convention used by the direct ModalPINN mode,recomputed from saved checkpoint; amplitude ratio and correlation unchanged
A03,uniform_collocation,Pressure only + physics (uniform collocation),far-wake,rel_L2,0.9975692708101321,0.9972479234891308,-0.00032134732100130847,CFD coefficient rotated to the absolute-time convention used by the direct ModalPINN mode,recomputed from saved checkpoint; amplitude ratio and correlation unchanged
A03,uniform_collocation,Pressure only + physics (uniform collocation),far-wake,phase_deg,29.554766401013126,12.92579662232975,-16.628969778683377,CFD coefficient rotated to the absolute-time convention used by the direct ModalPINN mode,recomputed from saved checkpoint; amplitude ratio and correlation unchanged
A03,uniform_collocation,Pressure only + physics (uniform collocation),near-cylinder,rel_L2,0.9109855202529992,0.9406295331124092,0.029644012859409985,CFD coefficient rotated to the absolute-time convention used by the direct ModalPINN mode,recomputed from saved checkpoint; amplitude ratio and correlation unchanged
A03,uniform_collocation,Pressure only + physics (uniform collocation),near-cylinder,phase_deg,-35.322581399189914,-51.951551177873284,-16.62896977868337,CFD coefficient rotated to the absolute-time convention used by the direct ModalPINN mode,recomputed from saved checkpoint; amplitude ratio and correlation unchanged
A03,uniform_collocation,Pressure only + physics (uniform collocation),near-wake,rel_L2,1.0027584617838683,1.001504336694003,-0.0012541250898652212,CFD coefficient rotated to the absolute-time convention used by the direct ModalPINN mode,recomputed from saved checkpoint; amplitude ratio and correlation unchanged
A03,uniform_collocation,Pressure only + physics (uniform collocation),near-wake,phase_deg,107.56324823465667,90.93427845597331,-16.628969778683356,CFD coefficient rotated to the absolute-time convention used by the direct ModalPINN mode,recomputed from saved checkpoint; amplitude ratio and correlation unchanged
A03,uniform_collocation,Pressure only + physics (uniform collocation),other,rel_L2,1.0429656925989714,0.9241842531271137,-0.11878143947185771,CFD coefficient rotated to the absolute-time convention used by the direct ModalPINN mode,recomputed from saved checkpoint; amplitude ratio and correlation unchanged
A03,uniform_collocation,Pressure only + physics (uniform collocation),other,phase_deg,36.29854321019235,19.66957343150897,-16.62896977868338,CFD coefficient rotated to the absolute-time convention used by the direct ModalPINN mode,recomputed from saved checkpoint; amplitude ratio and correlation unchanged
A03,uniform_collocation,Pressure only + physics (uniform collocation),whole-domain,rel_L2,0.9982590529322466,0.9979354426488796,-0.00032361028336702624,CFD coefficient rotated to the absolute-time convention used by the direct ModalPINN mode,recomputed from saved checkpoint; amplitude ratio and correlation unchanged
A03,uniform_collocation,Pressure only + physics (uniform collocation),whole-domain,phase_deg,28.495466785616827,11.866497006933434,-16.62896977868339,CFD coefficient rotated to the absolute-time convention used by the direct ModalPINN mode,recomputed from saved checkpoint; amplitude ratio and correlation unchanged
A03,wake_biased_grid_collocation,Pressure only + physics (wake-biased grid),far-core,rel_L2,1.0062138013440256,1.0075702869459715,0.0013564856019459004,CFD coefficient rotated to the absolute-time convention used by the direct ModalPINN mode,recomputed from saved checkpoint; amplitude ratio and correlation unchanged
A03,wake_biased_grid_collocation,Pressure only + physics (wake-biased grid),far-core,phase_deg,-2.129118626939942,-18.758088405623337,-16.628969778683395,CFD coefficient rotated to the absolute-time convention used by the direct ModalPINN mode,recomputed from saved checkpoint; amplitude ratio and correlation unchanged
A03,wake_biased_grid_collocation,Pressure only + physics (wake-biased grid),far-wake,rel_L2,1.0175307877520423,1.0178448179509059,0.00031403019886355743,CFD coefficient rotated to the absolute-time convention used by the direct ModalPINN mode,recomputed from saved checkpoint; amplitude ratio and correlation unchanged
A03,wake_biased_grid_collocation,Pressure only + physics (wake-biased grid),far-wake,phase_deg,5.773514591966659,-10.855455186716705,-16.628969778683363,CFD coefficient rotated to the absolute-time convention used by the direct ModalPINN mode,recomputed from saved checkpoint; amplitude ratio and correlation unchanged
A03,wake_biased_grid_collocation,Pressure only + physics (wake-biased grid),near-cylinder,rel_L2,0.5063656730715594,0.4257726425799951,-0.08059303049156435,CFD coefficient rotated to the absolute-time convention used by the direct ModalPINN mode,recomputed from saved checkpoint; amplitude ratio and correlation unchanged
A03,wake_biased_grid_collocation,Pressure only + physics (wake-biased grid),near-cylinder,phase_deg,19.806439481804603,3.177469703121223,-16.62896977868338,CFD coefficient rotated to the absolute-time convention used by the direct ModalPINN mode,recomputed from saved checkpoint; amplitude ratio and correlation unchanged
A03,wake_biased_grid_collocation,Pressure only + physics (wake-biased grid),near-wake,rel_L2,1.1325452694976124,1.1072689210327855,-0.025276348464826848,CFD coefficient rotated to the absolute-time convention used by the direct ModalPINN mode,recomputed from saved checkpoint; amplitude ratio and correlation unchanged
A03,wake_biased_grid_collocation,Pressure only + physics (wake-biased grid),near-wake,phase_deg,136.19182535862046,119.56285557993706,-16.6289697786834,CFD coefficient rotated to the absolute-time convention used by the direct ModalPINN mode,recomputed from saved checkpoint; amplitude ratio and correlation unchanged
A03,wake_biased_grid_collocation,Pressure only + physics (wake-biased grid),other,rel_L2,7.96354816678183,8.054630132157332,0.09108196537550128,CFD coefficient rotated to the absolute-time convention used by the direct ModalPINN mode,recomputed from saved checkpoint; amplitude ratio and correlation unchanged
A03,wake_biased_grid_collocation,Pressure only + physics (wake-biased grid),other,phase_deg,-71.25118201616397,-87.88015179484735,-16.628969778683384,CFD coefficient rotated to the absolute-time convention used by the direct ModalPINN mode,recomputed from saved checkpoint; amplitude ratio and correlation unchanged
A03,wake_biased_grid_collocation,Pressure only + physics (wake-biased grid),whole-domain,rel_L2,1.0581457544918922,1.0496650059090127,-0.008480748582879505,CFD coefficient rotated to the absolute-time convention used by the direct ModalPINN mode,recomputed from saved checkpoint; amplitude ratio and correlation unchanged
A03,wake_biased_grid_collocation,Pressure only + physics (wake-biased grid),whole-domain,phase_deg,97.68730612327766,81.0583363445943,-16.62896977868337,CFD coefficient rotated to the absolute-time convention used by the direct ModalPINN mode,recomputed from saved checkpoint; amplitude ratio and correlation unchanged
A03,wake_biased_random_collocation,Pressure only + physics (wake-biased random),far-core,rel_L2,1.0155582520125348,1.016133414138109,0.0005751621255742911,CFD coefficient rotated to the absolute-time convention used by the direct ModalPINN mode,recomputed from saved checkpoint; amplitude ratio and correlation unchanged
A03,wake_biased_random_collocation,Pressure only + physics (wake-biased random),far-core,phase_deg,4.272266183379543,-12.356703595303843,-16.628969778683384,CFD coefficient rotated to the absolute-time convention used by the direct ModalPINN mode,recomputed from saved checkpoint; amplitude ratio and correlation unchanged
A03,wake_biased_random_collocation,Pressure only + physics (wake-biased random),far-wake,rel_L2,1.031218439602562,1.0307008040564178,-0.0005176355461442572,CFD coefficient rotated to the absolute-time convention used by the direct ModalPINN mode,recomputed from saved checkpoint; amplitude ratio and correlation unchanged
A03,wake_biased_random_collocation,Pressure only + physics (wake-biased random),far-wake,phase_deg,12.192257848842416,-4.436711929840976,-16.62896977868339,CFD coefficient rotated to the absolute-time convention used by the direct ModalPINN mode,recomputed from saved checkpoint; amplitude ratio and correlation unchanged
A03,wake_biased_random_collocation,Pressure only + physics (wake-biased random),near-cylinder,rel_L2,0.5039016273014478,0.4215459636267085,-0.08235566367473934,CFD coefficient rotated to the absolute-time convention used by the direct ModalPINN mode,recomputed from saved checkpoint; amplitude ratio and correlation unchanged
A03,wake_biased_random_collocation,Pressure only + physics (wake-biased random),near-cylinder,phase_deg,19.750295796591047,3.1213260179076907,-16.628969778683356,CFD coefficient rotated to the absolute-time convention used by the direct ModalPINN mode,recomputed from saved checkpoint; amplitude ratio and correlation unchanged
A03,wake_biased_random_collocation,Pressure only + physics (wake-biased random),near-wake,rel_L2,1.1559147443217652,1.1308101933711299,-0.02510455095063535,CFD coefficient rotated to the absolute-time convention used by the direct ModalPINN mode,recomputed from saved checkpoint; amplitude ratio and correlation unchanged
A03,wake_biased_random_collocation,Pressure only + physics (wake-biased random),near-wake,phase_deg,141.062254427771,124.43328464908765,-16.62896977868334,CFD coefficient rotated to the absolute-time convention used by the direct ModalPINN mode,recomputed from saved checkpoint; amplitude ratio and correlation unchanged
A03,wake_biased_random_collocation,Pressure only + physics (wake-biased random),other,rel_L2,7.954673291655136,8.047135951213212,0.09246265955807598,CFD coefficient rotated to the absolute-time convention used by the direct ModalPINN mode,recomputed from saved checkpoint; amplitude ratio and correlation unchanged
A03,wake_biased_random_collocation,Pressure only + physics (wake-biased random),other,phase_deg,-69.30495821258398,-85.93392799126732,-16.62896977868334,CFD coefficient rotated to the absolute-time convention used by the direct ModalPINN mode,recomputed from saved checkpoint; amplitude ratio and correlation unchanged
A03,wake_biased_random_collocation,Pressure only + physics (wake-biased random),whole-domain,rel_L2,1.0748573783250204,1.0658499042947145,-0.009007474030305884,CFD coefficient rotated to the absolute-time convention used by the direct ModalPINN mode,recomputed from saved checkpoint; amplitude ratio and correlation unchanged
A03,wake_biased_random_collocation,Pressure only + physics (wake-biased random),whole-domain,phase_deg,103.17428687784235,86.54531709915899,-16.628969778683356,CFD coefficient rotated to the absolute-time convention used by the direct ModalPINN mode,recomputed from saved checkpoint; amplitude ratio and correlation unchanged
A04,arm15_v1_radial_trust,Pressure + physics + Karman prior,far-core,rel_L2,0.28505577663469084,0.28949597842624675,0.004440201791555909,CFD coefficient rotated to the absolute-time convention used by the direct ModalPINN mode,recomputed from saved checkpoint; amplitude ratio and correlation unchanged
A04,arm15_v1_radial_trust,Pressure + physics + Karman prior,far-core,phase_deg,8.00597546735355,-8.622994311329833,-16.628969778683384,CFD coefficient rotated to the absolute-time convention used by the direct ModalPINN mode,recomputed from saved checkpoint; amplitude ratio and correlation unchanged
A04,arm15_v1_radial_trust,Pressure + physics + Karman prior,far-wake,rel_L2,0.28969119960103407,0.29220088919846027,0.0025096895974262012,CFD coefficient rotated to the absolute-time convention used by the direct ModalPINN mode,recomputed from saved checkpoint; amplitude ratio and correlation unchanged
A04,arm15_v1_radial_trust,Pressure + physics + Karman prior,far-wake,phase_deg,8.137980951573297,-8.490988827110098,-16.628969778683395,CFD coefficient rotated to the absolute-time convention used by the direct ModalPINN mode,recomputed from saved checkpoint; amplitude ratio and correlation unchanged
A04,arm15_v1_radial_trust,Pressure + physics + Karman prior,near-cylinder,rel_L2,0.5132904835173723,0.3986498573379578,-0.11464062617941445,CFD coefficient rotated to the absolute-time convention used by the direct ModalPINN mode,recomputed from saved checkpoint; amplitude ratio and correlation unchanged
A04,arm15_v1_radial_trust,Pressure + physics + Karman prior,near-cylinder,phase_deg,22.364354193097085,5.735384414413716,-16.62896977868337,CFD coefficient rotated to the absolute-time convention used by the direct ModalPINN mode,recomputed from saved checkpoint; amplitude ratio and correlation unchanged
A04,arm15_v1_radial_trust,Pressure + physics + Karman prior,near-wake,rel_L2,0.44070619498279645,0.38383140890066564,-0.05687478608213081,CFD coefficient rotated to the absolute-time convention used by the direct ModalPINN mode,recomputed from saved checkpoint; amplitude ratio and correlation unchanged
A04,arm15_v1_radial_trust,Pressure + physics + Karman prior,near-wake,phase_deg,14.16648871886656,-2.4624810598168367,-16.6289697786834,CFD coefficient rotated to the absolute-time convention used by the direct ModalPINN mode,recomputed from saved checkpoint; amplitude ratio and correlation unchanged
A04,arm15_v1_radial_trust,Pressure + physics + Karman prior,other,rel_L2,11.220070420706776,11.281478849190037,0.061408428483261446,CFD coefficient rotated to the absolute-time convention used by the direct ModalPINN mode,recomputed from saved checkpoint; amplitude ratio and correlation unchanged
A04,arm15_v1_radial_trust,Pressure + physics + Karman prior,other,phase_deg,-28.05285398575097,-44.68182376443435,-16.628969778683377,CFD coefficient rotated to the absolute-time convention used by the direct ModalPINN mode,recomputed from saved checkpoint; amplitude ratio and correlation unchanged
A04,arm15_v1_radial_trust,Pressure + physics + Karman prior,whole-domain,rel_L2,0.3899240721288276,0.37069515802150554,-0.01922891410732208,CFD coefficient rotated to the absolute-time convention used by the direct ModalPINN mode,recomputed from saved checkpoint; amplitude ratio and correlation unchanged
A04,arm15_v1_radial_trust,Pressure + physics + Karman prior,whole-domain,phase_deg,10.102353702791731,-6.52661607589164,-16.62896977868337,CFD coefficient rotated to the absolute-time convention used by the direct ModalPINN mode,recomputed from saved checkpoint; amplitude ratio and correlation unchanged
A04,arm1_baseline,Pressure only + physics,far-core,rel_L2,0.9974424410827328,0.9971765558242203,-0.00026588525851256595,CFD coefficient rotated to the absolute-time convention used by the direct ModalPINN mode,recomputed from saved checkpoint; amplitude ratio and correlation unchanged
A04,arm1_baseline,Pressure only + physics,far-core,phase_deg,25.877405514357235,9.24843573567387,-16.628969778683366,CFD coefficient rotated to the absolute-time convention used by the direct ModalPINN mode,recomputed from saved checkpoint; amplitude ratio and correlation unchanged
A04,arm1_baseline,Pressure only + physics,far-wake,rel_L2,0.9975692708101321,0.9972479234891308,-0.00032134732100130847,CFD coefficient rotated to the absolute-time convention used by the direct ModalPINN mode,recomputed from saved checkpoint; amplitude ratio and correlation unchanged
A04,arm1_baseline,Pressure only + physics,far-wake,phase_deg,29.554766401013126,12.92579662232975,-16.628969778683377,CFD coefficient rotated to the absolute-time convention used by the direct ModalPINN mode,recomputed from saved checkpoint; amplitude ratio and correlation unchanged
A04,arm1_baseline,Pressure only + physics,near-cylinder,rel_L2,0.9109855202529992,0.9406295331124092,0.029644012859409985,CFD coefficient rotated to the absolute-time convention used by the direct ModalPINN mode,recomputed from saved checkpoint; amplitude ratio and correlation unchanged
A04,arm1_baseline,Pressure only + physics,near-cylinder,phase_deg,-35.322581399189914,-51.951551177873284,-16.62896977868337,CFD coefficient rotated to the absolute-time convention used by the direct ModalPINN mode,recomputed from saved checkpoint; amplitude ratio and correlation unchanged
A04,arm1_baseline,Pressure only + physics,near-wake,rel_L2,1.0027584617838683,1.001504336694003,-0.0012541250898652212,CFD coefficient rotated to the absolute-time convention used by the direct ModalPINN mode,recomputed from saved checkpoint; amplitude ratio and correlation unchanged
A04,arm1_baseline,Pressure only + physics,near-wake,phase_deg,107.56324823465667,90.93427845597331,-16.628969778683356,CFD coefficient rotated to the absolute-time convention used by the direct ModalPINN mode,recomputed from saved checkpoint; amplitude ratio and correlation unchanged
A04,arm1_baseline,Pressure only + physics,other,rel_L2,1.0429656925989714,0.9241842531271137,-0.11878143947185771,CFD coefficient rotated to the absolute-time convention used by the direct ModalPINN mode,recomputed from saved checkpoint; amplitude ratio and correlation unchanged
A04,arm1_baseline,Pressure only + physics,other,phase_deg,36.29854321019235,19.66957343150897,-16.62896977868338,CFD coefficient rotated to the absolute-time convention used by the direct ModalPINN mode,recomputed from saved checkpoint; amplitude ratio and correlation unchanged
A04,arm1_baseline,Pressure only + physics,whole-domain,rel_L2,0.9982590529322466,0.9979354426488796,-0.00032361028336702624,CFD coefficient rotated to the absolute-time convention used by the direct ModalPINN mode,recomputed from saved checkpoint; amplitude ratio and correlation unchanged
A04,arm1_baseline,Pressure only + physics,whole-domain,phase_deg,28.495466785616827,11.866497006933434,-16.62896977868339,CFD coefficient rotated to the absolute-time convention used by the direct ModalPINN mode,recomputed from saved checkpoint; amplitude ratio and correlation unchanged
